colour_id	divergences
2034.0336	color_basic: XLS[Fuchsia, Multi colour] DB[Pink, Multi Colour]
2034K.0336	color_basic: XLS[Fuchsia, Multi colour] DB[Pink, Multi Colour]
2034.5736	color_basic: XLS[Blue, Multi colour] DB[Blue, Multi Colour]
2034K.5736	color_basic: XLS[Blue, Multi colour] DB[Blue, Multi Colour]
2034.9885	color_basic: XLS[Black, Multi colour] DB[Black]
2034K.9885	color_basic: XLS[Blue, Multi colour] DB[Black]
2038.0126	color_basic: XLS[Fuchsia, Multi colour] DB[Pink] | constructions: XLS[Rehabilitation:[1½,2½,3½,4½,5½,6½,7½,8½] Stability:[1½,2½,3½,4½,5½,6½,7½,8½] Reverse Lasted:[4½,6½]] DB[AFO:[S,M,L] Rehabilitation:[1½,2½,3½,4½,5½,6½,7½,8½] Stability:[1½,2½,3½,4½,5½,6½,7½,8½] Reverse Lasted:[4½,6½]]
2038K.0126	color_basic: XLS[Fuchsia, Multi colour] DB[Pink] | color_name: XLS[Fuchsia Combi] DB[Fuchsia Nubuck &  Paars Mesh Combi] | info: XLS[Cemented] DB[] | constructions: XLS[Rehabilitation:[1½,2½,3½,4½,5½,6½,7½,8½] Stability:[1½,2½,3½,4½,5½,6½,7½,8½]] DB[AFO:[S,M,L] Reverse Lasted:[4½,6½] Rehabilitation:[1½,2½,3½,4½,5½,6½,7½,8½] Stability:[1½,2½,3½,4½,5½,6½,7½,8½]]
2038.4526	color_basic: XLS[Purple, Multi colour] DB[Purple] | color_name: XLS[Purple Combi] DB[Paars Nubuck & Paars Mesh Combi] | constructions: XLS[Rehabilitation:[1½,2½,3½,4½,5½,6½,7½,8½] Stability:[1½,2½,3½,4½,5½,6½,7½,8½] Reverse Lasted:[4½,6½]] DB[AFO:[S,M,L] Rehabilitation:[1½,2½,3½,4½,5½,6½,7½,8½] Stability:[1½,2½,3½,4½,5½,6½,7½,8½] Reverse Lasted:[4½,6½]]
2038K.4526	color_basic: XLS[Purple, Multi colour] DB[Purple] | color_name: XLS[Purple Combi] DB[Paars Nubuck & Paars Mesh Combi] | info: XLS[Cemented] DB[] | constructions: XLS[Rehabilitation:[1½,2½,3½,4½,5½,6½,7½,8½] Stability:[1½,2½,3½,4½,5½,6½,7½,8½]] DB[AFO:[S,M,L] Reverse Lasted:[4½,6½] Rehabilitation:[1½,2½,3½,4½,5½,6½,7½,8½] Stability:[1½,2½,3½,4½,5½,6½,7½,8½]]
2038.5636	color_basic: XLS[Blue, Multi colour] DB[Blue] | color_name: XLS[Dark Blue Combi] DB[Blauw Nubuck &  Blauw Mesh Combi] | constructions: XLS[Rehabilitation:[1½,2½,3½,4½,5½,6½,7½,8½] Stability:[1½,2½,3½,4½,5½,6½,7½,8½] Reverse Lasted:[4½,6½]] DB[AFO:[S,M,L] Rehabilitation:[1½,2½,3½,4½,5½,6½,7½,8½] Stability:[1½,2½,3½,4½,5½,6½,7½,8½] Reverse Lasted:[4½,6½]]
2038K.5636	color_basic: XLS[Blue, Multi colour] DB[Blue] | info: XLS[Cemented] DB[] | constructions: XLS[Rehabilitation:[1½,2½,3½,4½,5½,6½,7½,8½] Stability:[1½,2½,3½,4½,5½,6½,7½,8½]] DB[AFO:[S,M,L] Reverse Lasted:[4½,6½] Rehabilitation:[1½,2½,3½,4½,5½,6½,7½,8½] Stability:[1½,2½,3½,4½,5½,6½,7½,8½]]
2038.9836	color_basic: XLS[Black, Multi colour] DB[Black] | color_name: XLS[Black Combi] DB[Zwart Leer & Zwart Mesh Combi] | constructions: XLS[Rehabilitation:[1½,2½,3½,4½,5½,6½,7½,8½] Stability:[1½,2½,3½,4½,5½,6½,7½,8½] Reverse Lasted:[4½,6½]] DB[AFO:[S,M,L] Rehabilitation:[1½,2½,3½,4½,5½,6½,7½,8½] Stability:[1½,2½,3½,4½,5½,6½,7½,8½] Reverse Lasted:[4½,6½]]
2038K.9836	color_basic: XLS[Black, Multi colour] DB[Black] | color_name: XLS[Black Combi] DB[Zwart Leer & Zwart Mesh Combi] | info: XLS[Cemented] DB[] | constructions: XLS[Rehabilitation:[1½,2½,3½,4½,5½,6½,7½,8½] Stability:[1½,2½,3½,4½,5½,6½,7½,8½]] DB[AFO:[S,M,L] Reverse Lasted:[4½,6½] Rehabilitation:[1½,2½,3½,4½,5½,6½,7½,8½] Stability:[1½,2½,3½,4½,5½,6½,7½,8½]]
2038.9936	color_basic: XLS[White, Multi Colour] DB[White] | color_name: XLS[White Combi] DB[Wit Leer & Grijs Mesh] | constructions: XLS[Rehabilitation:[1½,2½,3½,4½,5½,6½,7½,8½] Stability:[1½,2½,3½,4½,5½,6½,7½,8½] Reverse Lasted:[4½,6½]] DB[AFO:[S,M,L] Rehabilitation:[1½,2½,3½,4½,5½,6½,7½,8½] Stability:[1½,2½,3½,4½,5½,6½,7½,8½] Reverse Lasted:[4½,6½]]
2038K.9936	color_basic: XLS[White, Multi Colour] DB[White] | color_name: XLS[White Combi] DB[Wit Leer & Grijs Mesh] | info: XLS[Cemented] DB[] | constructions: XLS[Rehabilitation:[1½,2½,3½,4½,5½,6½,7½,8½] Stability:[1½,2½,3½,4½,5½,6½,7½,8½]] DB[AFO:[S,M,L] Reverse Lasted:[4½,6½] Rehabilitation:[1½,2½,3½,4½,5½,6½,7½,8½] Stability:[1½,2½,3½,4½,5½,6½,7½,8½]]
2060.4326	color_basic: XLS[Green, Multi colour] DB[Green] | color_name: XLS[Dark Green] DB[Kaki Nubuck Combi] | info: XLS[Cemented] DB[] | constructions: XLS[Rehabilitation:[1½,2½,3½,4½,5½,6½,7½,8½] Stability:[1½,2½,3½,4½,5½,6½,7½,8½] Reverse Lasted:[4½,6½]] DB[AFO:[S,M,L] Rehabilitation:[1½,2½,3½,4½,5½,6½,7½,8½] Stability:[1½,2½,3½,4½,5½,6½,7½,8½] Reverse Lasted:[4½,6½]]
2060K.4326	color_basic: XLS[Green, Multi colour] DB[Green] | color_name: XLS[Dark Green] DB[Kaki Nubuck Combi] | info: XLS[Cemented] DB[] | constructions: XLS[Rehabilitation:[1½,2½,3½,4½,5½,6½,7½,8½] Stability:[1½,2½,3½,4½,5½,6½,7½,8½]] DB[AFO:[S,M,L] Reverse Lasted:[4½,6½] Rehabilitation:[1½,2½,3½,4½,5½,6½,7½,8½] Stability:[1½,2½,3½,4½,5½,6½,7½,8½]]
2060.5626	color_basic: XLS[Blue, Multi colour] DB[Blue] | color_name: XLS[Dark Blue] DB[Blauw Nubuck Combi] | info: XLS[Cemented] DB[] | constructions: XLS[Rehabilitation:[1½,2½,3½,4½,5½,6½,7½,8½] Stability:[1½,2½,3½,4½,5½,6½,7½,8½] Reverse Lasted:[4½,6½]] DB[AFO:[S,M,L] Rehabilitation:[1½,2½,3½,4½,5½,6½,7½,8½] Stability:[1½,2½,3½,4½,5½,6½,7½,8½] Reverse Lasted:[4½,6½]]
2060K.5626	color_basic: XLS[Blue, Multi colour] DB[Blue] | color_name: XLS[Dark Blue] DB[Blauw Nubuck Combi] | info: XLS[Cemented] DB[] | constructions: XLS[Rehabilitation:[1½,2½,3½,4½,5½,6½,7½,8½] Stability:[1½,2½,3½,4½,5½,6½,7½,8½]] DB[AFO:[S,M,L] Reverse Lasted:[4½,6½] Rehabilitation:[1½,2½,3½,4½,5½,6½,7½,8½] Stability:[1½,2½,3½,4½,5½,6½,7½,8½]]
2060.9826	color_basic: XLS[Black, Multi colour] DB[Black] | color_name: XLS[Black] DB[Zwart Nubuck Combi] | info: XLS[Cemented] DB[] | constructions: XLS[Rehabilitation:[1½,2½,3½,4½,5½,6½,7½,8½] Stability:[1½,2½,3½,4½,5½,6½,7½,8½] Reverse Lasted:[4½,6½]] DB[AFO:[S,M,L] Rehabilitation:[1½,2½,3½,4½,5½,6½,7½,8½] Stability:[1½,2½,3½,4½,5½,6½,7½,8½] Reverse Lasted:[4½,6½]]
2060K.9826	color_basic: XLS[Black, Multi colour] DB[Black] | color_name: XLS[Black] DB[Zwart Nubuck Combi] | info: XLS[Cemented] DB[] | constructions: XLS[Rehabilitation:[1½,2½,3½,4½,5½,6½,7½,8½] Stability:[1½,2½,3½,4½,5½,6½,7½,8½]] DB[AFO:[S,M,L] Reverse Lasted:[4½,6½] Rehabilitation:[1½,2½,3½,4½,5½,6½,7½,8½] Stability:[1½,2½,3½,4½,5½,6½,7½,8½]]
2060.9957	color_basic: XLS[White, Multi Colour] DB[White] | color_name: XLS[White] DB[Wit Leer Combi] | info: XLS[Cemented] DB[] | constructions: XLS[Rehabilitation:[1½,2½,3½,4½,5½,6½,7½,8½] Stability:[1½,2½,3½,4½,5½,6½,7½,8½] Reverse Lasted:[4½,6½]] DB[AFO:[S,M,L] Rehabilitation:[1½,2½,3½,4½,5½,6½,7½,8½] Stability:[1½,2½,3½,4½,5½,6½,7½,8½] Reverse Lasted:[4½,6½]]
2060K.9957	color_basic: XLS[White, Multi Colour] DB[White] | color_name: XLS[White] DB[Wit Leer Combi] | info: XLS[Cemented] DB[] | constructions: XLS[Rehabilitation:[1½,2½,3½,4½,5½,6½,7½,8½] Stability:[1½,2½,3½,4½,5½,6½,7½,8½]] DB[AFO:[S,M,L] Reverse Lasted:[4½,6½] Rehabilitation:[1½,2½,3½,4½,5½,6½,7½,8½] Stability:[1½,2½,3½,4½,5½,6½,7½,8½]]
2089.4337	color_basic: XLS[Green] DB[Green, Multi Colour] | constructions: XLS[Rehabilitation:[1½,2½,3½,4½,5½,6½,7½,8½] Stability:[1½,2½,3½,4½,5½,6½,7½,8½] Reverse Lasted:[4½,6½]] DB[Rehabilitation:[1½,2½,3½,4½,5½,6½,7½,8½] Stability:[1½,2½,3½,4½,5½,6½,7½,8½] AFO:[S,M,L] Reverse Lasted:[4½,6½]]
2089K.4337	color_basic: XLS[Green] DB[Green, Multi Colour] | color_name: XLS[Army Fantasy] DB[Army Su�de] | info: XLS[Cemented] DB[] | constructions: XLS[Rehabilitation:[1½,2½,3½,4½,5½,6½,7½,8½] Stability:[1½,2½,3½,4½,5½,6½,7½,8½]] DB[AFO:[S,M,L] Reverse Lasted:[4½,6½] Rehabilitation:[1½,2½,3½,4½,5½,6½,7½,8½] Stability:[1½,2½,3½,4½,5½,6½,7½,8½]]
2089.5656	color_basic: XLS[Blue, Multi colour] DB[Blue, Multi Colour] | color_name: XLS[Dark Blue Combi] DB[Blauw Leer & Army Suède] | constructions: XLS[Rehabilitation:[1½,2½,3½,4½,5½,6½,7½,8½] Stability:[1½,2½,3½,4½,5½,6½,7½,8½] Reverse Lasted:[4½,6½]] DB[Rehabilitation:[1½,2½,3½,4½,5½,6½,7½,8½] Stability:[1½,2½,3½,4½,5½,6½,7½,8½] AFO:[S,M,L] Reverse Lasted:[4½,6½]]
2089K.5656	color_basic: XLS[Blue, Multi colour] DB[Blue, Multi Colour] | color_name: XLS[Dark Blue Combi] DB[Blauw Leer & Army Suède] | info: XLS[Cemented] DB[] | constructions: XLS[Rehabilitation:[1½,2½,3½,4½,5½,6½,7½,8½] Stability:[1½,2½,3½,4½,5½,6½,7½,8½]] DB[AFO:[S,M,L] Reverse Lasted:[4½,6½] Rehabilitation:[1½,2½,3½,4½,5½,6½,7½,8½] Stability:[1½,2½,3½,4½,5½,6½,7½,8½]]
2089.9880	color_basic: XLS[Black, Multi colour] DB[Black, Multi Colour] | color_name: XLS[Black Combi] DB[Zwart Leer & Army Suède] | constructions: XLS[Rehabilitation:[1½,2½,3½,4½,5½,6½,7½,8½] Stability:[1½,2½,3½,4½,5½,6½,7½,8½] Reverse Lasted:[4½,6½]] DB[Rehabilitation:[1½,2½,3½,4½,5½,6½,7½,8½] Stability:[1½,2½,3½,4½,5½,6½,7½,8½] AFO:[S,M,L] Reverse Lasted:[4½,6½]]
2089K.9880	color_basic: XLS[Black, Multi colour] DB[Black, Multi Colour] | color_name: XLS[Black Combi] DB[Zwart Leer & Army Suède] | info: XLS[Cemented] DB[] | constructions: XLS[Rehabilitation:[1½,2½,3½,4½,5½,6½,7½,8½] Stability:[1½,2½,3½,4½,5½,6½,7½,8½]] DB[AFO:[S,M,L] Reverse Lasted:[4½,6½] Rehabilitation:[1½,2½,3½,4½,5½,6½,7½,8½] Stability:[1½,2½,3½,4½,5½,6½,7½,8½]]
2089.9980	constructions: XLS[Rehabilitation:[1½,2½,3½,4½,5½,6½,7½,8½] Stability:[1½,2½,3½,4½,5½,6½,7½,8½] Reverse Lasted:[4½,6½]] DB[Rehabilitation:[1½,2½,3½,4½,5½,6½,7½,8½] Stability:[1½,2½,3½,4½,5½,6½,7½,8½] AFO:[S,M,L] Reverse Lasted:[4½,6½]]
2089K.9980	info: XLS[Cemented] DB[] | constructions: XLS[Rehabilitation:[1½,2½,3½,4½,5½,6½,7½,8½] Stability:[1½,2½,3½,4½,5½,6½,7½,8½]] DB[AFO:[S,M,L] Reverse Lasted:[4½,6½] Rehabilitation:[1½,2½,3½,4½,5½,6½,7½,8½] Stability:[1½,2½,3½,4½,5½,6½,7½,8½]]
2105.0112	color_basic: XLS[Fuchsia] DB[Pink] | color_name: XLS[Fuchsia] DB[Fuchsia Leer & Beige Leer] | info: XLS[Cemented] DB[] | constructions: XLS[Rehabilitation:[2½,4½,6½,8½] Stability:[2½,4½,6½,8½] Reverse Lasted:[4½,6½]] DB[AFO:[S,M,L] Rehabilitation:[2½,4½,6½,8½] Stability:[2½,4½,6½,8½] Reverse Lasted:[4½,6½]]
2105.1512	color_name: XLS[Dark Brown] DB[Donkerbruin Leer & Beige Leer] | info: XLS[Cemented] DB[] | constructions: XLS[Rehabilitation:[2½,4½,6½,8½] Stability:[2½,4½,6½,8½] Reverse Lasted:[4½,6½]] DB[AFO:[S,M,L] Rehabilitation:[2½,4½,6½,8½] Stability:[2½,4½,6½,8½] Reverse Lasted:[4½,6½]]
2105.5612	color_name: XLS[Dark Blue] DB[Blauw Leer & Beige Leer] | info: XLS[Cemented] DB[] | constructions: XLS[Rehabilitation:[2½,4½,6½,8½] Stability:[2½,4½,6½,8½] Reverse Lasted:[4½,6½]] DB[AFO:[S,M,L] Rehabilitation:[2½,4½,6½,8½] Stability:[2½,4½,6½,8½] Reverse Lasted:[4½,6½]]
2105.9800	color_name: XLS[Black] DB[Zwart Leer] | info: XLS[Cemented] DB[] | constructions: XLS[Rehabilitation:[2½,4½,6½,8½] Stability:[2½,4½,6½,8½] Reverse Lasted:[4½,6½]] DB[AFO:[S,M,L] Rehabilitation:[2½,4½,6½,8½] Stability:[2½,4½,6½,8½] Reverse Lasted:[4½,6½]]
2115.0112	color_basic: XLS[Fuchsia] DB[Pink]
2115.1512	color_name: XLS[Dark Brown] DB[Donkerbruin Leer & Beige Leer]
2115.5612	color_name: XLS[Dark Blue] DB[Blauw Leer & Beige Leer]
2115.9800	color_name: XLS[Black] DB[Zwart Leer]
2118.0300	info: XLS[Cemented] DB[] | constructions: XLS[Rehabilitation:[2½,4½,6½,8½] Stability:[2½,4½,6½,8½] Reverse Lasted:[4½,6½]] DB[AFO:[S,M,L] Rehabilitation:[2½,4½,6½,8½] Stability:[2½,4½,6½,8½] Reverse Lasted:[4½,6½]]
2118.4100	color_name: XLS[Lilac] DB[Lila Leer & Lila Fantasie Combi] | info: XLS[Cemented] DB[] | constructions: XLS[Rehabilitation:[2½,4½,6½,8½] Stability:[2½,4½,6½,8½] Reverse Lasted:[4½,6½]] DB[AFO:[S,M,L] Rehabilitation:[2½,4½,6½,8½] Stability:[2½,4½,6½,8½] Reverse Lasted:[4½,6½]]
2118K.4100	color_name: XLS[Lilac] DB[Lila Leer & Lila Fantasie Combi]
2118.4302	color_name: XLS[Green] DB[Kaki Nubuck] | info: XLS[Cemented] DB[] | constructions: XLS[Rehabilitation:[2½,4½,6½,8½] Stability:[2½,4½,6½,8½] Reverse Lasted:[4½,6½]] DB[AFO:[S,M,L] Rehabilitation:[2½,4½,6½,8½] Stability:[2½,4½,6½,8½] Reverse Lasted:[4½,6½]]
2118K.4302	color_name: XLS[Green] DB[Groen Nubuck]
2118.5602	color_name: XLS[Dark Blue] DB[Blauw Nubuck & Blauw Leer] | info: XLS[Cemented] DB[] | constructions: XLS[Rehabilitation:[2½,4½,6½,8½] Stability:[2½,4½,6½,8½] Reverse Lasted:[4½,6½]] DB[AFO:[S,M,L] Rehabilitation:[2½,4½,6½,8½] Stability:[2½,4½,6½,8½] Reverse Lasted:[4½,6½]]
2118K.5602	color_name: XLS[Dark Blue] DB[Blauw Nubuck & Blauw Leer]
2118.5900	color_name: XLS[Mint] DB[Mint Leer & Turquoise Fantasie Combi] | info: XLS[Cemented] DB[] | constructions: XLS[Rehabilitation:[2½,4½,6½,8½] Stability:[2½,4½,6½,8½] Reverse Lasted:[4½,6½]] DB[AFO:[S,M,L] Rehabilitation:[2½,4½,6½,8½] Stability:[2½,4½,6½,8½] Reverse Lasted:[4½,6½]]
2118K.5900	color_name: XLS[Mint] DB[Mint Leer & Turquoise Fantasie Combi]
2118.9802	color_name: XLS[Black] DB[Zwart Nubuck & Zwart Leer] | info: XLS[Cemented] DB[] | constructions: XLS[Rehabilitation:[2½,4½,6½,8½] Stability:[2½,4½,6½,8½] Reverse Lasted:[4½,6½]] DB[AFO:[S,M,L] Rehabilitation:[2½,4½,6½,8½] Stability:[2½,4½,6½,8½] Reverse Lasted:[4½,6½]]
2118K.9802	color_name: XLS[Black] DB[Zwart Nubuck & Zwart Leer]
2118.9899	color_basic: XLS[Black, Multi colour] DB[Black, Multi Colour] | color_name: XLS[Black/White] DB[Black/White ] | info: XLS[Cemented] DB[] | constructions: XLS[Rehabilitation:[2½,4½,6½,8½] Stability:[2½,4½,6½,8½] Reverse Lasted:[4½,6½]] DB[AFO:[S,M,L] Rehabilitation:[2½,4½,6½,8½] Stability:[2½,4½,6½,8½] Reverse Lasted:[4½,6½]]
2118K.9899	color_basic: XLS[Black, Multi colour] DB[Black, Multi Colour] | color_name: XLS[Black/White] DB[Black/White ]
2118.9900	color_name: XLS[White] DB[Wit Leer] | info: XLS[Cemented] DB[] | constructions: XLS[Rehabilitation:[2½,4½,6½,8½] Stability:[2½,4½,6½,8½] Reverse Lasted:[4½,6½]] DB[AFO:[S,M,L] Rehabilitation:[2½,4½,6½,8½] Stability:[2½,4½,6½,8½] Reverse Lasted:[4½,6½]]
2118K.9900	color_name: XLS[White] DB[Wit Leer]
2123.0126	color_basic: XLS[Fuchsia, Multi colour] DB[Pink] | color_name: XLS[Fuchsia Combi] DB[Fuchsia Leer & Roze Leer Combi] | info: XLS[Cemented] DB[] | constructions: XLS[Rehabilitation:[2½,4½,6½,8½] Stability:[2½,4½,6½,8½] Reverse Lasted:[4½,6½]] DB[AFO:[S,M,L] Rehabilitation:[2½,4½,6½,8½] Stability:[2½,4½,6½,8½] Reverse Lasted:[4½,6½]]
2123.1900	color_basic: XLS[brown, Multi colour] DB[Beige] | color_name: XLS[Camel Combi] DB[Camel Leer & Oranje Leer Combi] | info: XLS[Cemented] DB[] | constructions: XLS[Rehabilitation:[2½,4½,6½,8½] Stability:[2½,4½,6½,8½] Reverse Lasted:[4½,6½]] DB[AFO:[S,M,L] Rehabilitation:[2½,4½,6½,8½] Stability:[2½,4½,6½,8½] Reverse Lasted:[4½,6½]]
2123.5736	color_basic: XLS[Blue, Multi colour] DB[Blue] | color_name: XLS[Cobalti Combi] DB[Kobalt Leer & Rood Leer Combi] | info: XLS[Cemented] DB[] | constructions: XLS[Rehabilitation:[2½,4½,6½,8½] Stability:[2½,4½,6½,8½] Reverse Lasted:[4½,6½]] DB[AFO:[S,M,L] Rehabilitation:[2½,4½,6½,8½] Stability:[2½,4½,6½,8½] Reverse Lasted:[4½,6½]]
2123.9800	color_name: XLS[Black] DB[Zwart Leer Combi] | info: XLS[Cemented] DB[] | constructions: XLS[Rehabilitation:[2½,4½,6½,8½] Stability:[2½,4½,6½,8½] Reverse Lasted:[4½,6½]] DB[AFO:[S,M,L] Rehabilitation:[2½,4½,6½,8½] Stability:[2½,4½,6½,8½] Reverse Lasted:[4½,6½]]
2123.9807	color_basic: XLS[Black, Multi colour] DB[Black] | color_name: XLS[Black Yellow Combi] DB[Zwart Leer & Geel Leer Combi] | info: XLS[Cemented] DB[] | constructions: XLS[Rehabilitation:[2½,4½,6½,8½] Stability:[2½,4½,6½,8½] Reverse Lasted:[4½,6½]] DB[AFO:[S,M,L] Rehabilitation:[2½,4½,6½,8½] Stability:[2½,4½,6½,8½] Reverse Lasted:[4½,6½]]
2123.9826	color_basic: XLS[Black, Multi colour] DB[Black] | color_name: XLS[Black/Fuchsia Combi] DB[Zwart Leer & Wit Leer Combi] | info: XLS[Cemented] DB[] | constructions: XLS[Rehabilitation:[2½,4½,6½,8½] Stability:[2½,4½,6½,8½] Reverse Lasted:[4½,6½]] DB[AFO:[S,M,L] Rehabilitation:[2½,4½,6½,8½] Stability:[2½,4½,6½,8½] Reverse Lasted:[4½,6½]]
2126.1537	info: XLS[Cemented] DB[] | constructions: XLS[Rehabilitation:[2½,4½,6½,8½] Stability:[2½,4½,6½,8½] Reverse Lasted:[4½,6½]] DB[AFO:[S,M,L] Rehabilitation:[2½,4½,6½,8½] Stability:[2½,4½,6½,8½] Reverse Lasted:[4½,6½]]
2126.2000	color_name: XLS[Tan] DB[Cognac Leer] | info: XLS[Cemented] DB[] | constructions: XLS[Rehabilitation:[2½,4½,6½,8½] Stability:[2½,4½,6½,8½] Reverse Lasted:[4½,6½]] DB[AFO:[S,M,L] Rehabilitation:[2½,4½,6½,8½] Stability:[2½,4½,6½,8½] Reverse Lasted:[4½,6½]]
2126K.2000	color_name: XLS[Tan] DB[Cognac Leer]
2126.5600	color_name: XLS[Dark Blue] DB[Blue Leather] | info: XLS[Cemented] DB[] | constructions: XLS[Rehabilitation:[2½,4½,6½,8½] Stability:[2½,4½,6½,8½] Reverse Lasted:[4½,6½]] DB[AFO:[S,M,L] Rehabilitation:[2½,4½,6½,8½] Stability:[2½,4½,6½,8½] Reverse Lasted:[4½,6½]]
2126K.5600	color_name: XLS[Dark Blue] DB[Blue Leather]
2126.5637	color_basic: XLS[Blue, Multi colour] DB[Blue, Multi Colour] | color_name: XLS[Blue Fantasy] DB[Blauw Army Suède] | info: XLS[Cemented] DB[] | constructions: XLS[Rehabilitation:[2½,4½,6½,8½] Stability:[2½,4½,6½,8½] Reverse Lasted:[4½,6½]] DB[AFO:[S,M,L] Rehabilitation:[2½,4½,6½,8½] Stability:[2½,4½,6½,8½] Reverse Lasted:[4½,6½]]
2126K.5637	color_basic: XLS[Blue, Multi colour] DB[Blue, Multi Colour] | color_name: XLS[Blue Fantasy] DB[Blauw Army Suède]
2126.9800	color_name: XLS[Black] DB[Zwart Leer] | info: XLS[Cemented] DB[] | constructions: XLS[Rehabilitation:[2½,4½,6½,8½] Stability:[2½,4½,6½,8½] Reverse Lasted:[4½,6½]] DB[AFO:[S,M,L] Rehabilitation:[2½,4½,6½,8½] Stability:[2½,4½,6½,8½] Reverse Lasted:[4½,6½]]
2126K.9800	color_name: XLS[Black] DB[Zwart Leer]
2126.9840	color_name: XLS[Black Reptile Print] DB[Zwart Reptiel Leer] | info: XLS[Cemented] DB[] | constructions: XLS[Rehabilitation:[2½,4½,6½,8½] Stability:[2½,4½,6½,8½] Reverse Lasted:[4½,6½]] DB[AFO:[S,M,L] Rehabilitation:[2½,4½,6½,8½] Stability:[2½,4½,6½,8½] Reverse Lasted:[4½,6½]]
2126K.9840	color_name: XLS[Black Reptile Print] DB[Zwart Reptiel Leer]
2126.9900	info: XLS[Cemented] DB[] | constructions: XLS[Rehabilitation:[2½,4½,6½,8½] Stability:[2½,4½,6½,8½] Reverse Lasted:[4½,6½]] DB[AFO:[S,M,L] Rehabilitation:[2½,4½,6½,8½] Stability:[2½,4½,6½,8½] Reverse Lasted:[4½,6½]]
2133.0126	color_basic: XLS[Fuchsia, Multi colour] DB[Pink]
2133.1900	color_basic: XLS[brown, Multi colour] DB[Brown] | color_name: XLS[Camel Combi] DB[Camel Leer & Oranje Leer Combi]
2133.5736	color_basic: XLS[Blue, Multi colour] DB[Blue] | color_name: XLS[Cobalti Combi] DB[Kobalt Leer & Rood Leer Combi]
2133.9800	color_name: XLS[Black] DB[Zwart Leer Combi]
2133.9807	color_basic: XLS[Black, Multi colour] DB[Black] | color_name: XLS[Black Yellow Combi] DB[Zwart Leer & Geel Leer Combi]
2133.9826	color_basic: XLS[Black, Multi colour] DB[Black] | color_name: XLS[Black Fuchsia Combi] DB[Zwart Leer & Wit Leer Combi]
2137.2037	color_basic: XLS[Multi colour] DB[Brown, Multi Colour] | constructions: XLS[Rehabilitation:[2½,4½,6½,8½] Stability:[2½,4½,6½,8½] Reverse Lasted:[4½,6½]] DB[Rehabilitation:[2½,4½,6½,8½] Stability:[2½,4½,6½,8½] AFO:[S,M,L] Reverse Lasted:[4½,6½]]
2137K.2037	color_basic: XLS[Multi colour] DB[Brown, Multi Colour]
2137.2337	color_basic: XLS[Multi colour] DB[Zwart, Groen, Multi] | color_name: XLS[Multi Colour Fantasy Print] DB[Olijf Fantasie Nubuck] | constructions: XLS[Rehabilitation:[2½,4½,6½,8½] Stability:[2½,4½,6½,8½] Reverse Lasted:[4½,6½]] DB[Rehabilitation:[2½,4½,6½,8½] Stability:[2½,4½,6½,8½] AFO:[S,M,L] Reverse Lasted:[4½,6½]]
2137K.2337	color_basic: XLS[Multi colour] DB[Zwart, Groen, Multi] | color_name: XLS[Multi Colour Fantasy Print] DB[Olijf Fantasie Nubuck]
2137.5637	color_basic: XLS[Multi colour] DB[Blue, Multi Colour] | color_name: XLS[Blue Fantasy Print] DB[Blauw Fantasie Suède] | constructions: XLS[Rehabilitation:[2½,4½,6½,8½] Stability:[2½,4½,6½,8½] Reverse Lasted:[4½,6½]] DB[Rehabilitation:[2½,4½,6½,8½] Stability:[2½,4½,6½,8½] AFO:[S,M,L] Reverse Lasted:[4½,6½]]
2137K.5637	color_basic: XLS[Multi colour] DB[Blue, Multi Colour] | color_name: XLS[Blue Fantasy Print] DB[Blauw Fantasie Suède]
2137.8037	color_basic: XLS[Multi colour] DB[Grey, Multi Colour] | color_name: XLS[Grey Fantasy Pony] DB[Grijs Fantasie Ponyhair] | constructions: XLS[Rehabilitation:[2½,4½,6½,8½] Stability:[2½,4½,6½,8½] Reverse Lasted:[4½,6½]] DB[Rehabilitation:[2½,4½,6½,8½] Stability:[2½,4½,6½,8½] AFO:[S,M,L] Reverse Lasted:[4½,6½]]
2137K.8037	color_basic: XLS[Multi colour] DB[Grey, Multi Colour] | color_name: XLS[Grey Fantasy Pony] DB[Grijs Fantasie Ponyhair]
2137.9800	color_name: XLS[Black] DB[Zwart Leer] | constructions: XLS[Rehabilitation:[2½,4½,6½,8½] Stability:[2½,4½,6½,8½] Reverse Lasted:[4½,6½]] DB[Rehabilitation:[2½,4½,6½,8½] Stability:[2½,4½,6½,8½] AFO:[S,M,L] Reverse Lasted:[4½,6½]]
2137K.9800	color_name: XLS[Black] DB[Zwart Leer]
2137.9805	constructions: XLS[Rehabilitation:[2½,4½,6½,8½] Stability:[2½,4½,6½,8½] Reverse Lasted:[4½,6½]] DB[Rehabilitation:[2½,4½,6½,8½] Stability:[2½,4½,6½,8½] AFO:[S,M,L] Reverse Lasted:[4½,6½]]
2137.9837	constructions: XLS[Rehabilitation:[2½,4½,6½,8½] Stability:[2½,4½,6½,8½] Reverse Lasted:[4½,6½]] DB[Rehabilitation:[2½,4½,6½,8½] Stability:[2½,4½,6½,8½] AFO:[S,M,L] Reverse Lasted:[4½,6½]]
2137.9893	constructions: XLS[Rehabilitation:[2½,4½,6½,8½] Stability:[2½,4½,6½,8½] Reverse Lasted:[4½,6½]] DB[Rehabilitation:[2½,4½,6½,8½] Stability:[2½,4½,6½,8½] AFO:[S,M,L] Reverse Lasted:[4½,6½]]
2137.9936	color_basic: XLS[Multi colour] DB[White, Multi Colour] | color_name: XLS[White Fantasy Rainbow] DB[Wit Fantasie Regenboog Leer] | constructions: XLS[Rehabilitation:[2½,4½,6½,8½] Stability:[2½,4½,6½,8½] Reverse Lasted:[4½,6½]] DB[Rehabilitation:[2½,4½,6½,8½] Stability:[2½,4½,6½,8½] AFO:[S,M,L] Reverse Lasted:[4½,6½]]
2137K.9936	color_basic: XLS[Multi colour] DB[White, Multi Colour] | color_name: XLS[White Fantasy Rainbow] DB[Wit Fantasie Regenboog Leer]
2151.1126	color_basic: XLS[Multi colour] DB[Black, Multi Colour] | constructions: XLS[Rehabilitation:[2½,4½,6½,8½] Stability:[2½,4½,6½,8½] Reverse Lasted:[4½,6½]] DB[Rehabilitation:[2½,4½,6½,8½] Stability:[2½,4½,6½,8½] AFO:[S,M,L] Reverse Lasted:[4½,6½]]
2151K.1126	color_basic: XLS[Multi colour] DB[Black, Multi Colour]
2151.5637	color_basic: XLS[Multi colour] DB[Blue, Multi Colour] | color_name: XLS[Green/Blue Patent] DB[Blauw Fantasie Lak & Blauw Suède Combi] | constructions: XLS[Rehabilitation:[2½,4½,6½,8½] Stability:[2½,4½,6½,8½] Reverse Lasted:[4½,6½]] DB[Rehabilitation:[2½,4½,6½,8½] Stability:[2½,4½,6½,8½] AFO:[S,M,L] Reverse Lasted:[4½,6½]]
2151K.5637	color_basic: XLS[Multi colour] DB[Blue, Multi Colour] | color_name: XLS[Green/Blue Patent] DB[Blauw Fantasie Lak & Blauw Suède Combi]
2151.9893	constructions: XLS[Rehabilitation:[2½,4½,6½,8½] Stability:[2½,4½,6½,8½] Reverse Lasted:[4½,6½]] DB[Rehabilitation:[2½,4½,6½,8½] Stability:[2½,4½,6½,8½] AFO:[S,M,L] Reverse Lasted:[4½,6½]]
2160.4326	color_basic: XLS[Green, Multi colour] DB[Green] | color_name: XLS[Dark Green] DB[Khaki] | constructions: XLS[Rehabilitation:[2½,4½,6½,8½] Stability:[2½,4½,6½,8½] Reverse Lasted:[4½,6½]] DB[Rehabilitation:[2½,4½,6½,8½] Stability:[2½,4½,6½,8½] AFO:[S,M,L] Reverse Lasted:[4½,6½]]
2160K.4326	color_basic: XLS[Green, Multi colour] DB[Green] | color_name: XLS[Dark Green] DB[Khaki]
2160.5626	color_basic: XLS[Blue, Multi colour] DB[Blue] | color_name: XLS[Dark Blue] DB[Blauw Nubuck Combi] | constructions: XLS[Rehabilitation:[2½,4½,6½,8½] Stability:[2½,4½,6½,8½] Reverse Lasted:[4½,6½]] DB[Rehabilitation:[2½,4½,6½,8½] Stability:[2½,4½,6½,8½] AFO:[S,M,L] Reverse Lasted:[4½,6½]]
2160K.5626	color_basic: XLS[Blue, Multi colour] DB[Blue] | color_name: XLS[Dark Blue] DB[Blauw Nubuck Combi]
2160.9826	color_basic: XLS[Black, Multi colour] DB[Black] | color_name: XLS[Black] DB[Zwart Nubuck Combi] | constructions: XLS[Rehabilitation:[2½,4½,6½,8½] Stability:[2½,4½,6½,8½] Reverse Lasted:[4½,6½]] DB[Rehabilitation:[2½,4½,6½,8½] Stability:[2½,4½,6½,8½] AFO:[S,M,L] Reverse Lasted:[4½,6½]]
2160K.9826	color_basic: XLS[Black, Multi colour] DB[Black] | color_name: XLS[Black] DB[Zwart Nubuck Combi]
2160.9957	color_basic: XLS[White, Multi Colour] DB[White] | color_name: XLS[White] DB[Wit Leer Combi] | constructions: XLS[Rehabilitation:[2½,4½,6½,8½] Stability:[2½,4½,6½,8½] Reverse Lasted:[4½,6½]] DB[Rehabilitation:[2½,4½,6½,8½] Stability:[2½,4½,6½,8½] AFO:[S,M,L] Reverse Lasted:[4½,6½]]
2160K.9957	color_basic: XLS[White, Multi Colour] DB[White] | color_name: XLS[White] DB[Wit Leer Combi]
2189.4337	color_basic: XLS[Green] DB[Green, Multi Colour] | color_name: XLS[Army Fantasy] DB[Army Su�de] | info: XLS[Cemented] DB[] | constructions: XLS[Rehabilitation:[2½,4½,6½,8½] Stability:[2½,4½,6½,8½] Reverse Lasted:[4½,6½]] DB[AFO:[S,M,L] Rehabilitation:[2½,4½,6½,8½] Stability:[2½,4½,6½,8½] Reverse Lasted:[4½,6½]]
2189K.4337	color_basic: XLS[Green] DB[Green, Multi Colour]
2189.5656	color_basic: XLS[Blue, Multi colour] DB[Blue, Multi Colour] | color_name: XLS[Dark Blue Combi] DB[Blauw Leer & Army Suède] | info: XLS[Cemented] DB[] | constructions: XLS[Rehabilitation:[2½,4½,6½,8½] Stability:[2½,4½,6½,8½] Reverse Lasted:[4½,6½]] DB[AFO:[S,M,L] Rehabilitation:[2½,4½,6½,8½] Stability:[2½,4½,6½,8½] Reverse Lasted:[4½,6½]]
2189K.5656	color_basic: XLS[Blue, Multi colour] DB[Blue, Multi Colour] | color_name: XLS[Dark Blue Combi] DB[Blauw Leer & Army Suède]
2189.9880	color_basic: XLS[Black, Multi colour] DB[Black, Multi Colour] | color_name: XLS[Black Combi] DB[Zwart Leer & Army Suède] | info: XLS[Cemented] DB[] | constructions: XLS[Rehabilitation:[2½,4½,6½,8½] Stability:[2½,4½,6½,8½] Reverse Lasted:[4½,6½]] DB[AFO:[S,M,L] Rehabilitation:[2½,4½,6½,8½] Stability:[2½,4½,6½,8½] Reverse Lasted:[4½,6½]]
2189K.9880	color_basic: XLS[Black, Multi colour] DB[Black, Multi Colour] | color_name: XLS[Black Combi] DB[Zwart Leer & Army Suède]
2189.9980	info: XLS[Cemented] DB[] | constructions: XLS[Rehabilitation:[2½,4½,6½,8½] Stability:[2½,4½,6½,8½] Reverse Lasted:[4½,6½]] DB[AFO:[S,M,L] Rehabilitation:[2½,4½,6½,8½] Stability:[2½,4½,6½,8½] Reverse Lasted:[4½,6½]]
2267.5602	size_last: XLS[28] DB[29]
2267.5702	size_last: XLS[28] DB[29]
2299K.5600	color_name: XLS[Blue] DB[Donkerblauw Leer]
2299.9900	color_name: XLS[White] DB[Wit Leer]
2301K.1536	color_basic: XLS[Brown, Multi Colour] DB[Brown]
2301.5636	color_basic: XLS[Blue, Multi Colour] DB[Blue] | color_name: XLS[Dark Blue Combi] DB[Donkerblauw Combi Leer]
2303.5680	color_name: XLS[Dark Blue] DB[Blauw Grijs Leer & Blauw Nubuck]
2303K.5680	color_name: XLS[Dark Blue] DB[Blauw Grijs Leer & Blauw Nubuck]
2303.8098	color_name: XLS[Grey] DB[Grijs Zwart Leer & Grijs Nubuck]
2303K.8098	color_name: XLS[Grey] DB[Grijs Zwart Leer & Grijs Nubuck]
2303.9885	color_basic: XLS[Black] DB[Grey, Black] | color_name: XLS[Black] DB[Zwart Antraciet Leer & Zwart Nubuck]
2303K.9885	color_basic: XLS[Black] DB[Grey, Black] | color_name: XLS[Black] DB[Zwart Antraciet Leer & Zwart Nubuck]
2309.0137	color_basic: XLS[Fuchsia] DB[Pink]
2309K.4537	color_name: XLS[Purple] DB[Paars Leer]
2310.1126	color_basic: XLS[Pink, Multi Colour] DB[Beige, Multi Colour] | color_name: XLS[Champagne Metalize] DB[Champagne Metallic Leer Combi]
2310.9399	color_basic: XLS[Multi Colour] DB[Beige, Multi Colour] | color_name: XLS[Fantasy] DB[Beige Fantasie Combi]
2407.2037	color_basic: XLS[Multi colour] DB[Brown, Multi Colour]
2407K.2037	color_basic: XLS[Multi colour] DB[Brown, Multi Colour]
2407.2337	color_basic: XLS[Multi colour] DB[Zwart, Groen, Multi] | color_name: XLS[Multi Colour Fantasy Print] DB[Olijf Fantasie Nubuck]
2407K.2337	color_basic: XLS[Multi colour] DB[Zwart, Groen, Multi] | color_name: XLS[Multi Colour Fantasy Print] DB[Olijf Fantasie Nubuck]
2407.8037	color_basic: XLS[Multi colour] DB[Grey, Multi Colour] | color_name: XLS[Grey Fantasy Pony] DB[Grijs Fantasie Ponyhair]
2407K.8037	color_basic: XLS[Multi colour] DB[Grey, Multi Colour] | color_name: XLS[Grey Fantasy Pony] DB[Grijs Fantasie Ponyhair]
2407.9800	color_name: XLS[Black] DB[Zwart Leer]
2407K.9800	color_name: XLS[Black] DB[Zwart Leer]
2407.9837	color_name: XLS[Black Flower Print] DB[Black Flower Print ]
2407K.9837	color_name: XLS[Black Flower Print] DB[Black Flower Print ]
2407.9936	color_basic: XLS[Multi colour] DB[White, Multi Colour] | color_name: XLS[White Fantasy Rainbow] DB[Wit Fantasie Regenboog Leer]
2407K.9936	color_basic: XLS[Multi colour] DB[White, Multi Colour] | color_name: XLS[White Fantasy Rainbow] DB[Wit Fantasie Regenboog Leer]
2460.4326	color_name: XLS[Dark Green] DB[Khaki]
2460.9826	color_basic: XLS[Black, Multi colour] DB[Black, Multi Colour]
2460K.4326	color_name: XLS[Dark Green] DB[Khaki]
2460K.9826	color_basic: XLS[Black, Multi colour] DB[Black, Multi Colour]
2480.0126	color_basic: XLS[Fuchsia] DB[Pink]
2480K.0126	color_basic: XLS[Fuchsia] DB[Pink]
2480.1462	color_name: XLS[Brown] DB[Bruin Nubuck & Bruin Leer]
2480K.1462	color_name: XLS[Brown] DB[Bruin Nubuck & Bruin Leer]
2480.5611	color_name: XLS[Dark Blue] DB[Blauw Leer & Blauw Nubuck]
2480K.5611	color_name: XLS[Dark Blue] DB[Blauw Leer & Blauw Nubuck]
2480.9800	color_name: XLS[Black] DB[Zwart Leer]
2480K.9800	color_name: XLS[Black] DB[Zwart Leer]
2480.9805	color_name: XLS[Black Patent] DB[Zwart Lak]
2480K.9805	color_name: XLS[Black Patent] DB[Zwart Lak]
2482.0126	color_basic: XLS[Fuchsia] DB[Pink]
2482K.0126	color_basic: XLS[Fuchsia] DB[Pink]
2482.4526	color_name: XLS[Purple] DB[Paars Leer & Paars Nubuck]
2482K.4526	color_name: XLS[Purple] DB[Paars Leer & Paars Nubuck]
2482.6536	color_name: XLS[Red] DB[Rood Leer & Rood Nubuck]
2482K.6536	color_name: XLS[Red] DB[Rood Leer & Rood Nubuck]
2482.9826	color_name: XLS[Black] DB[Zwart Leer & Zwart Nubuck]
2482K.9826	color_name: XLS[Black] DB[Zwart Leer & Zwart Nubuck]
2482.9936	color_basic: XLS[Multi colour] DB[White, Multi Colour] | color_name: XLS[White Fantasy Rainbow] DB[Wit Fantasie Regenboog Leer]
2482K.9936	color_basic: XLS[Multi colour] DB[White, Multi Colour] | color_name: XLS[White Fantasy Rainbow] DB[Wit Fantasie Regenboog Leer]
2483.1402	color_name: XLS[Dark Brown] DB[Bruin Nubuck & Zwart Leer]
2483K.1402	color_name: XLS[Dark Brown] DB[Bruin Nubuck & Zwart Leer]
2483.2002	color_basic: XLS[Brown] DB[Yellow] | color_name: XLS[Camel] DB[Camel Nubuck & Zwart Leer]
2483K.2002	color_basic: XLS[Brown] DB[Yellow] | color_name: XLS[Camel] DB[Camel Nubuck & Zwart Leer]
2483.9800	color_name: XLS[Black] DB[Zwart Leer]
2483K.9800	color_name: XLS[Black] DB[Zwart Leer]
2483.9802	color_name: XLS[Black] DB[Zwart Nubuck & Antraciet Leer]
2483K.9802	color_name: XLS[Black] DB[Zwart Nubuck & Antraciet Leer]
2484.2002	color_basic: XLS[Brown] DB[Yellow] | color_name: XLS[Camel] DB[Camel Nubuck & Zwart Leer]
2484K.2002	color_basic: XLS[Brown] DB[Yellow] | color_name: XLS[Camel] DB[Camel Nubuck & Zwart Leer]
2484.5602	color_name: XLS[Dark Blue] DB[Blauw Nubuck & Antraciet Leer]
2484K.5602	color_name: XLS[Dark Blue] DB[Blauw Nubuck & Antraciet Leer]
2484.9802	color_name: XLS[Black] DB[Zwart Nubuck & Antraciet Leer]
2484K.9802	color_name: XLS[Black] DB[Zwart Nubuck & Antraciet Leer]
2484.9804	color_name: XLS[Black oiled] DB[Zwart Geolied Nubuck & Zwart Leer]
2484K.9804	color_name: XLS[Black oiled] DB[Zwart Geolied Nubuck & Zwart Leer]
2488.9700	color_basic: XLS[White] DB[Beige] | color_name: XLS[Off White] DB[Off-White Leer & Zwart Suède]
2488K.9700	color_basic: XLS[White] DB[Beige] | color_name: XLS[Off White] DB[Off-White Leer & Zwart Suède]
2488.9820	color_basic: XLS[Black, Multi colour] DB[Black] | color_name: XLS[Black] DB[Zwart Leer & Cognac Fantasie]
2488K.9820	color_basic: XLS[Black, Multi colour] DB[Black] | color_name: XLS[Black] DB[Zwart Leer & Cognac Fantasie]
2488.9825	color_basic: XLS[Black, Multi colour] DB[Black] | color_name: XLS[Black Patent] DB[Zwart Lak & Roze Fantasie]
2488K.9825	color_basic: XLS[Black, Multi colour] DB[Black] | color_name: XLS[Black Patent] DB[Zwart Lak & Roze Fantasie]
2488.9893	color_basic: XLS[Black, Multi colour] DB[Black] | color_name: XLS[Black/Gold] DB[Zwart Leer & Zwart Fantasie Suède]
2488K.9893	color_basic: XLS[Black, Multi colour] DB[Black] | color_name: XLS[Black/Gold] DB[Zwart Leer & Zwart Fantasie Suède]
2489.4337	color_basic: XLS[Green] DB[Green, Multi Colour]
2489K.4337	color_basic: XLS[Green] DB[Green, Multi Colour]
2489.5656	color_basic: XLS[Blue, Multi colour] DB[Blue, Multi Colour]
2489K.5656	color_basic: XLS[Blue, Multi colour] DB[Blue, Multi Colour]
2489.9880	color_basic: XLS[Black, Multi colour] DB[Black, Multi Colour] | color_name: XLS[Black Combi] DB[Zwart Leer & Army Suède]
2489K.9880	color_basic: XLS[Black, Multi colour] DB[Black, Multi Colour] | color_name: XLS[Black Combi] DB[Zwart Leer & Army Suède]
2510.9936	color_name: XLS[White Fantasy Rainbow] DB[White Fantasy Rainbow ]
2510K.9936	color_name: XLS[White Fantasy Rainbow] DB[White Fantasy Rainbow ]
2604.0136	color_basic: XLS[Fuchsia] DB[Pink] | color_name: XLS[Fuchsia] DB[Fuchsia Fantasie & Fuchsia Leer] | constructions: XLS[Rehabilitation:[1½,2½,3½,4½,5½,6½,7½,8½] Stability:[1½,2½,3½,4½,5½,6½,7½,8½]] DB[AFO:[S,M,L] Reverse Lasted:[4½,6½] Rehabilitation:[1½,2½,3½,4½,5½,6½,7½,8½] Stability:[1½,2½,3½,4½,5½,6½,7½,8½]]
2604K.0136	color_basic: XLS[Fuchsia] DB[Pink]
2604.1261	closure: XLS[BUCKLE] DB[LACE] | color_basic: XLS[Beige, Multi colour] DB[Beige] | color_name: XLS[Beige Mint Combi] DB[Beige Nubuck & Mint Leer Combi] | constructions: XLS[Rehabilitation:[1½,2½,3½,4½,5½,6½,7½,8½] Stability:[1½,2½,3½,4½,5½,6½,7½,8½]] DB[AFO:[S,M,L] Reverse Lasted:[4½,6½] Rehabilitation:[1½,2½,3½,4½,5½,6½,7½,8½] Stability:[1½,2½,3½,4½,5½,6½,7½,8½]]
2604K.1261	color_basic: XLS[Beige, Multi colour] DB[Beige] | color_name: XLS[Beige Mint Combi] DB[Beige Nubuck & Mint Leer Combi]
2604.1509	color_basic: XLS[Brown, Multi colour] DB[Brown, Multi Colour] | color_name: XLS[Dark Brown] DB[Dark Brown ] | constructions: XLS[Rehabilitation:[1½,2½,3½,4½,5½,6½,7½,8½] Stability:[1½,2½,3½,4½,5½,6½,7½,8½]] DB[AFO:[S,M,L] Reverse Lasted:[4½,6½] Rehabilitation:[1½,2½,3½,4½,5½,6½,7½,8½] Stability:[1½,2½,3½,4½,5½,6½,7½,8½]]
2604K.1509	color_basic: XLS[Brown, Multi colour] DB[Brown, Multi Colour] | color_name: XLS[Dark Brown] DB[Dark Brown ]
2604.5673	closure: XLS[BUCKLE] DB[LACE] | color_basic: XLS[Blue, Multi colour] DB[Blue] | color_name: XLS[Dark Blue Combi] DB[Blauw Nubuck & Kobalt Leer Combi] | constructions: XLS[Rehabilitation:[1½,2½,3½,4½,5½,6½,7½,8½] Stability:[1½,2½,3½,4½,5½,6½,7½,8½]] DB[AFO:[S,M,L] Reverse Lasted:[4½,6½] Rehabilitation:[1½,2½,3½,4½,5½,6½,7½,8½] Stability:[1½,2½,3½,4½,5½,6½,7½,8½]]
2604K.5673	color_basic: XLS[Blue, Multi colour] DB[Blue] | color_name: XLS[Dark Blue Combi] DB[Blauw Nubuck & Kobalt Leer Combi]
2604.6537	constructions: XLS[Rehabilitation:[1½,2½,3½,4½,5½,6½,7½,8½] Stability:[1½,2½,3½,4½,5½,6½,7½,8½]] DB[AFO:[S,M,L] Reverse Lasted:[4½,6½] Rehabilitation:[1½,2½,3½,4½,5½,6½,7½,8½] Stability:[1½,2½,3½,4½,5½,6½,7½,8½]]
2604.9936	constructions: XLS[Rehabilitation:[1½,2½,3½,4½,5½,6½,7½,8½] Stability:[1½,2½,3½,4½,5½,6½,7½,8½]] DB[AFO:[S,M,L] Reverse Lasted:[4½,6½] Rehabilitation:[1½,2½,3½,4½,5½,6½,7½,8½] Stability:[1½,2½,3½,4½,5½,6½,7½,8½]]
2492.5637	color_name: XLS[Dark Blue] DB[Blauw Leer & Blauw Fantasie]
2492K.5637	color_name: XLS[Dark Blue] DB[Blauw Leer & Blauw Fantasie]
2492.4537	color_name: XLS[Purple] DB[Paars Leer & Paars Fantasie]
2492K.4537	color_name: XLS[Purple] DB[Paars Leer & Paars Fantasie]
2492.6537	color_name: XLS[Red] DB[Rood Leer & Rood Fantasie]
2492K.6537	color_name: XLS[Red] DB[Rood Leer & Rood Fantasie]
2492.0136	color_basic: XLS[Fuchsia] DB[Pink]
2492K.0136	color_basic: XLS[Fuchsia] DB[Pink]
2504.1509	color_basic: XLS[Brown, Multi colour] DB[Brown] | color_name: XLS[Dark Brown Combi] DB[Donkerbruin Combi Leer] | info: XLS[Stitched Down] DB[] | constructions: XLS[Rehabilitation:[1½,2½,3½,4½,5½,6½,7½,8½] Stability:[1½,2½,3½,4½,5½,6½,7½,8½]] DB[AFO:[S,M,L] Reverse Lasted:[4½,6½] Rehabilitation:[1½,2½,3½,4½,5½,6½,7½,8½] Stability:[1½,2½,3½,4½,5½,6½,7½,8½]]
2504K.1509	color_basic: XLS[Brown, Multi colour] DB[Brown]
2504.5665	color_basic: XLS[Blue, Multi colour] DB[Blue] | color_name: XLS[Dark Blue Combi] DB[Blauw Combi Leer] | info: XLS[Stitched Down] DB[] | constructions: XLS[Rehabilitation:[1½,2½,3½,4½,5½,6½,7½,8½] Stability:[1½,2½,3½,4½,5½,6½,7½,8½]] DB[AFO:[S,M,L] Reverse Lasted:[4½,6½] Rehabilitation:[1½,2½,3½,4½,5½,6½,7½,8½] Stability:[1½,2½,3½,4½,5½,6½,7½,8½]]
2504K.5665	color_basic: XLS[Blue, Multi colour] DB[Blue] | color_name: XLS[Dark Blue Combi] DB[Blauw Combi Leer]
2504.8025	color_basic: XLS[Grey, Multi colour] DB[Grey] | color_name: XLS[Grey Combi] DB[Grijs Combi Leer] | info: XLS[Stitched Down] DB[] | constructions: XLS[Rehabilitation:[1½,2½,3½,4½,5½,6½,7½,8½] Stability:[1½,2½,3½,4½,5½,6½,7½,8½]] DB[AFO:[S,M,L] Reverse Lasted:[4½,6½] Rehabilitation:[1½,2½,3½,4½,5½,6½,7½,8½] Stability:[1½,2½,3½,4½,5½,6½,7½,8½]]
2504K.8025	color_basic: XLS[Grey, Multi colour] DB[Grey] | color_name: XLS[Grey Combi] DB[Grijs Combi Leer]
2138.0126	type: XLS[SHOE] DB[Shoes] | constructions: XLS[Rehabilitation:[1½,2½,3½,4½,5½,6½,7½,8½] Reverse Lasted:[4½,6½] AFO:[S,M,L]] DB[AFO:[S,M,L]]
2138.4526	type: XLS[SHOE] DB[Shoes] | color_basic: XLS[Purple, Multi colour] DB[Purple] | color_name: XLS[Purple Combi] DB[Paars Nubuck & Paars Mesh Combi] | constructions: XLS[Rehabilitation:[1½,2½,3½,4½,5½,6½,7½,8½] Reverse Lasted:[4½,6½] AFO:[S,M,L]] DB[AFO:[S,M,L]]
2138.9936	type: XLS[SHOE] DB[Shoes] | color_basic: XLS[White, Multi colour] DB[White] | color_name: XLS[White Combi] DB[Wit Leer & Grijs Mesh] | constructions: XLS[Rehabilitation:[1½,2½,3½,4½,5½,6½,7½,8½] Reverse Lasted:[4½,6½] AFO:[S,M,L]] DB[AFO:[S,M,L]]
2138.5636	type: XLS[SHOE] DB[Shoes] | color_basic: XLS[Blue, Multi colour] DB[Blue] | color_name: XLS[Blue Combi] DB[Blauw Nubuck &  Blauw Mesh Combi] | constructions: XLS[Rehabilitation:[1½,2½,3½,4½,5½,6½,7½,8½] Reverse Lasted:[4½,6½] AFO:[S,M,L]] DB[AFO:[S,M,L]]
2138.9836	type: XLS[SHOE] DB[Shoes] | color_basic: XLS[Black, Multi colour] DB[Black] | color_name: XLS[Black Combi] DB[Zwart Leer & Zwart Mesh Combi] | constructions: XLS[Rehabilitation:[1½,2½,3½,4½,5½,6½,7½,8½] Reverse Lasted:[4½,6½] AFO:[S,M,L]] DB[AFO:[S,M,L]]
2138K.0126	type: XLS[SHOE] DB[Shoes] | constructions: XLS[Rehabilitation:[1½,2½,3½,4½,5½,6½,7½,8½] Reverse Lasted:[4½,6½] AFO:[S,M,L]] DB[AFO:[S,M,L]]
2138K.4526	type: XLS[SHOE] DB[Shoes] | color_basic: XLS[Purple, Multi colour] DB[Purple] | color_name: XLS[Purple Combi] DB[Paars Nubuck & Paars Mesh Combi] | constructions: XLS[Rehabilitation:[1½,2½,3½,4½,5½,6½,7½,8½] Reverse Lasted:[4½,6½] AFO:[S,M,L]] DB[AFO:[S,M,L]]
2138K.9936	type: XLS[SHOE] DB[Shoes] | color_basic: XLS[White, Multi colour] DB[White] | color_name: XLS[White Combi] DB[Wit Leer & Grijs Mesh] | constructions: XLS[Rehabilitation:[1½,2½,3½,4½,5½,6½,7½,8½] Reverse Lasted:[4½,6½] AFO:[S,M,L]] DB[AFO:[S,M,L]]
2138K.5636	type: XLS[SHOE] DB[Shoes] | color_basic: XLS[Blue, Multi colour] DB[Blue] | color_name: XLS[Blue Combi] DB[Blauw Nubuck &  Blauw Mesh Combi] | constructions: XLS[Rehabilitation:[1½,2½,3½,4½,5½,6½,7½,8½] Reverse Lasted:[4½,6½] AFO:[S,M,L]] DB[AFO:[S,M,L]]
2138K.9836	type: XLS[SHOE] DB[Shoes] | color_basic: XLS[Black, Multi colour] DB[Black] | color_name: XLS[Black Combi] DB[Zwart Leer & Zwart Mesh Combi] | constructions: XLS[Rehabilitation:[1½,2½,3½,4½,5½,6½,7½,8½] Reverse Lasted:[4½,6½] AFO:[S,M,L]] DB[AFO:[S,M,L]]
2134.0126	type: XLS[SHOE] DB[Shoes] | constructions: XLS[Rehabilitation:[1½,2½,3½,4½,5½,6½,7½,8½] Reverse Lasted:[4½,6½] AFO:[S,M,L]] DB[AFO:[S,M,L]]
2134.5736	type: XLS[SHOE] DB[Shoes] | color_basic: XLS[Cobalt, Multi colour] DB[Blue, Multi Colour] | color_name: XLS[Cobalt Combi] DB[Kobalt Nubuck & Kobalt Leer Combi] | constructions: XLS[Rehabilitation:[1½,2½,3½,4½,5½,6½,7½,8½] Reverse Lasted:[4½,6½] AFO:[S,M,L]] DB[AFO:[S,M,L]]
2134.9960	type: XLS[SHOE] DB[Shoes] | constructions: XLS[Rehabilitation:[1½,2½,3½,4½,5½,6½,7½,8½] Reverse Lasted:[4½,6½] AFO:[S,M,L]] DB[AFO:[S,M,L]]
2134.9957	type: XLS[SHOE] DB[Shoes] | color_basic: XLS[White, Multi colour] DB[White, Multi Colour] | color_name: XLS[White Combi] DB[Wit Leer & Kobalt Leer Combi] | constructions: XLS[Rehabilitation:[1½,2½,3½,4½,5½,6½,7½,8½] Reverse Lasted:[4½,6½] AFO:[S,M,L]] DB[AFO:[S,M,L]]
2134.9885	type: XLS[SHOE] DB[Shoes] | color_basic: XLS[Black, Multi colour] DB[Black] | color_name: XLS[Black Combi] DB[Zwart Leer & Zwart Nubuck Combi] | constructions: XLS[Rehabilitation:[1½,2½,3½,4½,5½,6½,7½,8½] Reverse Lasted:[4½,6½] AFO:[S,M,L]] DB[AFO:[S,M,L]]
2134K.0126	type: XLS[SHOE] DB[Shoes] | constructions: XLS[Rehabilitation:[1½,2½,3½,4½,5½,6½,7½,8½] Reverse Lasted:[4½,6½] AFO:[S,M,L]] DB[AFO:[S,M,L]]
2134K.5736	type: XLS[SHOE] DB[Shoes] | color_basic: XLS[Cobalt, Multi colour] DB[Blue, Multi Colour] | color_name: XLS[Cobalt Combi] DB[Kobalt Nubuck & Kobalt Leer Combi] | constructions: XLS[Rehabilitation:[1½,2½,3½,4½,5½,6½,7½,8½] Reverse Lasted:[4½,6½] AFO:[S,M,L]] DB[AFO:[S,M,L]]
2134K.9960	type: XLS[SHOE] DB[Shoes] | constructions: XLS[Rehabilitation:[1½,2½,3½,4½,5½,6½,7½,8½] Reverse Lasted:[4½,6½] AFO:[S,M,L]] DB[AFO:[S,M,L]]
2134K.9957	type: XLS[SHOE] DB[Shoes] | color_basic: XLS[White, Multi colour] DB[White, Multi Colour] | color_name: XLS[White Combi] DB[Wit Leer & Kobalt Leer Combi] | constructions: XLS[Rehabilitation:[1½,2½,3½,4½,5½,6½,7½,8½] Reverse Lasted:[4½,6½] AFO:[S,M,L]] DB[AFO:[S,M,L]]
2134K.9885	type: XLS[SHOE] DB[Shoes] | color_basic: XLS[Black, Multi colour] DB[Black] | color_name: XLS[Black Combi] DB[Zwart Leer & Zwart Nubuck Combi] | constructions: XLS[Rehabilitation:[1½,2½,3½,4½,5½,6½,7½,8½] Reverse Lasted:[4½,6½] AFO:[S,M,L]] DB[AFO:[S,M,L]]
2139.9899	type: XLS[SHOE] DB[Shoes]
2140.2026	type: XLS[SHOE] DB[Shoes]
2143.0340	type: XLS[SHOE] DB[Shoes]
2147.9744	type: XLS[SHOE] DB[Shoes]
3315.1500	type: XLS[Shoes] DB[Boot]
3502.1503	type: XLS[boot] DB[Boot]
3502.2003	type: XLS[boot] DB[Boot]
3502.9803	type: XLS[boot] DB[Boot]
3603.1214	color_basic: XLS[Beige, Multi colour] DB[Beige, Multi Colour]
3604.1214	color_basic: XLS[Beige, Multi colour] DB[Beige, Multi Colour]
3605.1214	color_basic: XLS[Beige, Multi colour] DB[Beige, Multi Colour]
3606.1214	color_basic: XLS[Beige, Multi colour] DB[Beige, Multi Colour]
3611.1214	color_basic: XLS[Beige, Multi colour] DB[Beige, Multi Colour]
3612.1214	color_basic: XLS[Beige, Multi colour] DB[Beige, Multi Colour]
3502K.1503	type: XLS[boot] DB[Boot]
3502K.2003	type: XLS[boot] DB[Boot]
3502K.9803	type: XLS[boot] DB[Boot]
5316.9820	color_basic: XLS[Black, Multi colour] DB[Black, Multi Colour]
5316K.9820	color_basic: XLS[Black, Multi colour] DB[Black, Multi Colour]
5200.2000	info: XLS[Cemented] DB[]
5200.5600	info: XLS[Cemented] DB[]
5200.9800	info: XLS[Cemented] DB[]
5200.9900	info: XLS[Cemented] DB[]
5200K.2000	info: XLS[Cemented] DB[]
5200K.5600	info: XLS[Cemented] DB[]
5200K.9800	info: XLS[Cemented] DB[]
5200K.9900	info: XLS[Cemented] DB[]
3370.1200	type: XLS[shoes] DB[Shoes]
3370.1400	type: XLS[shoes] DB[Shoes]
3370.1600	type: XLS[shoes] DB[Shoes]
3370.5600	type: XLS[shoes] DB[Shoes]
3370.9800	type: XLS[shoes] DB[Shoes]
3371.1200	type: XLS[shoes] DB[Shoes]
3371.1400	type: XLS[shoes] DB[Shoes]
3371.1600	type: XLS[shoes] DB[Shoes]
3371.5600	type: XLS[shoes] DB[Shoes]
3371.9800	type: XLS[shoes] DB[Shoes]
4323.9900	color_basic: XLS[white] DB[White]
4523.5602	color_basic: XLS[Blue, Multi colour] DB[Blue, Multi Colour]
4527.5602	color_basic: XLS[Blue, Multi colour] DB[Blue, Multi Colour]
4550.1603	color_basic: XLS[Beige, Multi colour] DB[Beige, Multi Colour]
4560.1603	color_basic: XLS[Beige, Multi colour] DB[Beige, Multi Colour]
4570.1462	color_basic: XLS[Brown, Multi colour] DB[Brown, Multi Colour]
4570.1626	color_basic: XLS[Beige, Multi colour] DB[Beige, Multi Colour]
4570.5636	color_basic: XLS[Blue, Multi colour] DB[Blue, Multi Colour]
4570.9822	color_basic: XLS[Black, Multi colour] DB[Black, Multi Colour]
4590.1602	color_basic: XLS[Beige, Multi colour] DB[Beige, Multi Colour]
4590.5602	color_basic: XLS[Blue, Multi colour] DB[Blue, Multi Colour]
4610.9900	color_basic: XLS[white] DB[White]
4323K.9900	color_basic: XLS[white] DB[White]
4523K.5602	color_basic: XLS[Blue, Multi colour] DB[Blue, Multi Colour]
4527K.5602	color_basic: XLS[Blue, Multi colour] DB[Blue, Multi Colour]
4550K.1603	color_basic: XLS[Beige, Multi colour] DB[Beige, Multi Colour]
4560K.1603	color_basic: XLS[Beige, Multi colour] DB[Beige, Multi Colour]
4570K.1462	color_basic: XLS[Brown, Multi colour] DB[Brown, Multi Colour]
4570K.1626	color_basic: XLS[Beige, Multi colour] DB[Beige, Multi Colour]
4570K.5636	color_basic: XLS[Blue, Multi colour] DB[Blue, Multi Colour]
4570K.9822	color_basic: XLS[Black, Multi colour] DB[Black, Multi Colour]
4590K.1602	color_basic: XLS[Beige, Multi colour] DB[Beige, Multi Colour]
4590K.5602	color_basic: XLS[Blue, Multi colour] DB[Blue, Multi Colour]
4590K.9802	color_basic: XLS[black] DB[Black]
4610K.9900	color_basic: XLS[white] DB[White]
4810.9897	color_name: XLS[Black Off-White Suede Leather Mesh] DB[Black Off-White Suede Leather]
4810.5698	color_name: XLS[Blue Black Silver Suede Leather Patent] DB[Blue Black Silver Suede Leathe]
4810.9982	color_name: XLS[Off-White Multi Colour Suede Leather Nubuck] DB[Off-White Multi Colour Suede L]
4810.9819	color_name: XLS[Taupe Black Suede Leather Patent] DB[Taupe Black Suede Leather Pate]
4810K.9897	color_name: XLS[Black Off-White Suede Leather Mesh] DB[Black Off-White Suede Leather]
4810K.5698	color_name: XLS[Blue Black Silver Suede Leather Patent] DB[Blue Black Silver Suede Leathe]
4810K.9982	color_name: XLS[Off-White Multi Colour Suede Leather Nubuck] DB[Off-White Multi Colour Suede L]
4810K.9819	color_name: XLS[Taupe Black Suede Leather Patent] DB[Taupe Black Suede Leather Pate]
4901.9900	size_first: XLS[3] DB[0] | info: XLS[Cemented] DB[]
4901.1200	size_first: XLS[3] DB[0] | info: XLS[Cemented] DB[]
4901.9800	size_first: XLS[3] DB[0] | info: XLS[Cemented] DB[]
4901.0300	size_first: XLS[3] DB[0] | info: XLS[Cemented] DB[]
4901K.9900	size_first: XLS[3] DB[0] | info: XLS[Cemented] DB[]
4901K.1200	size_first: XLS[3] DB[0] | info: XLS[Cemented] DB[]
4901K.9800	size_first: XLS[3] DB[0] | info: XLS[Cemented] DB[]
4901K.0300	size_first: XLS[3] DB[0] | info: XLS[Cemented] DB[]
4900.9900	size_first: XLS[3] DB[0] | info: XLS[Cemented] DB[]
4900.1200	size_first: XLS[3] DB[0] | info: XLS[Cemented] DB[]
4900.9800	size_first: XLS[3] DB[0] | info: XLS[Cemented] DB[]
4900.0300	size_first: XLS[3] DB[0] | info: XLS[Cemented] DB[]
4900K.9900	size_first: XLS[3] DB[0] | info: XLS[Cemented] DB[]
4900K.1200	size_first: XLS[3] DB[0] | info: XLS[Cemented] DB[]
4900K.9800	size_first: XLS[3] DB[0] | info: XLS[Cemented] DB[]
4900K.0300	size_first: XLS[3] DB[0] | info: XLS[Cemented] DB[]
4621.1537	closure: XLS[LACE, ZIPPER] DB[LACE]
4621.5637	closure: XLS[LACE, ZIPPER] DB[LACE]
4621.9837	closure: XLS[LACE, ZIPPER] DB[LACE]
4621.8037	closure: XLS[LACE, ZIPPER] DB[LACE]
4621.1237	closure: XLS[LACE, ZIPPER] DB[LACE]
4571.1537	closure: XLS[LACE, ZIPPER] DB[LACE]
4571.5637	closure: XLS[LACE, ZIPPER] DB[LACE]
4571.9837	closure: XLS[LACE, ZIPPER] DB[LACE]
4571.9836	closure: XLS[LACE, ZIPPER] DB[LACE]
4571.1637	closure: XLS[LACE, ZIPPER] DB[LACE]
5207.9880	size_first: XLS[5] DB[6]
5207.5620	size_first: XLS[5] DB[6]
5207.5685	size_first: XLS[5] DB[6]
5207.9885	size_first: XLS[5] DB[6]
5207.1220	size_first: XLS[5] DB[6]
5206.1220	size_first: XLS[5] DB[6]
5206.5680	size_first: XLS[5] DB[6]
5206.9880	size_first: XLS[5] DB[6]
5208.1501	size_first: XLS[5] DB[6]
5208.5601	color_name: XLS[Blue Nubuck Suede] DB[Blue�Nubuck Suede] | size_first: XLS[5] DB[6]
5208.9801	size_first: XLS[5] DB[6]
48951.1500	type: XLS[Boots] DB[Boot]
48951.1502	type: XLS[Boots] DB[Boot]
48951.9800	type: XLS[Boots] DB[Boot]
48951.9802	type: XLS[Boots] DB[Boot]